"url","title","changed_date"
"http://docs.apigee.com/node/18","Message Logging policy","2017-10-16 13:51:41"
"http://docs.apigee.com/node/29","Access Control policy","2017-11-21 03:14:10"
"http://docs.apigee.com/node/56","Quota policy","2017-11-15 11:24:52"
"http://docs.apigee.com/node/61","JSON to XML policy","2017-09-06 09:49:23"
"http://docs.apigee.com/node/94","Analytics Services overview","2017-09-20 17:25:57"
"http://docs.apigee.com/node/96","Managing app developers","2017-10-30 10:54:46"
"http://docs.apigee.com/node/156","Service Callout policy","2017-09-21 07:01:03"
"http://docs.apigee.com/node/158","Register apps and manage API keys","2017-09-20 17:13:08"
"http://docs.apigee.com/node/159","Java Callout policy","2017-09-01 06:13:36"
"http://docs.apigee.com/node/227","Extract Variables policy","2017-11-13 15:53:22"
"http://docs.apigee.com/node/228","Assign Message policy","2017-11-02 10:48:30"
"http://docs.apigee.com/node/231","Conditions reference","2017-11-27 10:35:03"
"http://docs.apigee.com/node/242","Python Script policy","2017-09-01 06:20:09"
"http://docs.apigee.com/node/243","Variables reference","2017-11-27 10:05:56"
"http://docs.apigee.com/node/245","JavaScript policy","2017-09-01 06:18:50"
"http://docs.apigee.com/node/249","Key Value Map Operations policy","2017-11-21 12:20:14"
"http://docs.apigee.com/node/261","Regular Expression Protection policy","2017-10-30 14:41:16"
"http://docs.apigee.com/node/365","JSON Threat Protection policy","2017-11-17 14:03:17"
"http://docs.apigee.com/node/427","Using the Edge management API to Publish APIs","2017-11-13 15:05:23"
"http://docs.apigee.com/node/428","Use the analytics API to measure API program performance","2017-11-13 15:06:46"
"http://docs.apigee.com/node/3976","JavaScript object model","2017-10-16 09:21:16"
"http://docs.apigee.com/node/4535","Analytics command reference","2017-11-17 15:41:48"
"http://docs.apigee.com/node/6858","Endpoint properties reference","2017-11-24 07:39:35"
"http://docs.apigee.com/node/8401","Handling faults","2017-11-10 13:57:03"
"http://docs.apigee.com/node/8405","Deploy API proxies using the management API","2017-11-14 08:49:00"
"http://docs.apigee.com/node/8407","API proxy configuration reference","2017-11-14 07:51:04"
"http://docs.apigee.com/node/8409","Analytics metrics, dimensions, and filters reference","2017-11-13 16:00:39"
"http://docs.apigee.com/node/11646","Concurrent Rate Limit policy","2017-10-23 17:28:11"
"http://docs.apigee.com/node/12868","Best practices for API proxy design and development","2017-09-12 12:54:59"
"http://docs.apigee.com/node/14708","Understanding APIs and API proxies","2017-11-27 11:09:59"
"http://docs.apigee.com/node/14709","Basic terminology","2017-09-07 08:48:50"
"http://docs.apigee.com/node/14715","Build a simple API proxy","2017-08-22 13:21:26"
"http://docs.apigee.com/node/14726","Load balancing across backend servers","2017-09-21 07:17:36"
"http://docs.apigee.com/node/14757","Deploying proxies from the command line","2017-11-02 14:26:44"
"http://docs.apigee.com/node/14759","What is an API product?","2017-08-28 17:23:10"
"http://docs.apigee.com/node/14782","Using the Trace tool","2017-10-16 13:46:45"
"http://docs.apigee.com/node/14891","Overview of Node.js on Apigee Edge","2017-10-23 12:04:20"
"http://docs.apigee.com/node/14901","Get OAuth V2 Info policy","2017-10-12 11:51:34"
"http://docs.apigee.com/node/14931","What is Apigee Edge?","2017-11-24 08:13:16"
"http://docs.apigee.com/node/14941","Adding Node.js to an existing API proxy","2017-09-18 11:06:15"
"http://docs.apigee.com/node/14946","Understanding Edge support for Node.js modules","2017-09-29 16:31:30"
"http://docs.apigee.com/node/15126","About virtual hosts (Beta)","2017-09-22 13:03:35"
"http://docs.apigee.com/node/15211","Managing proxy state with flow variables","2017-10-17 19:13:23"
"http://docs.apigee.com/node/15231","Using SmartDocs to document APIs","2017-10-11 14:36:02"
"http://docs.apigee.com/node/15441","Basic Authentication policy","2017-11-17 13:36:36"
"http://docs.apigee.com/node/15661","Business transactions","2017-11-13 18:17:04"
"http://docs.apigee.com/node/15686","Proxy Performance","2017-10-09 08:28:55"
"http://docs.apigee.com/node/15691","Cache performance dashboard","2017-10-09 11:30:00"
"http://docs.apigee.com/node/15706","Devices dashboard","2017-10-09 14:46:00"
"http://docs.apigee.com/node/15711","Developer engagement","2017-10-09 14:27:06"
"http://docs.apigee.com/node/15986","Troubleshooting with analytics","2017-11-14 07:31:33"
"http://docs.apigee.com/node/16041","Error Code Analysis Dashboard","2017-10-09 15:33:27"
"http://docs.apigee.com/node/16051","Publishing Overview","2017-08-28 17:28:46"
"http://docs.apigee.com/node/17756","Introduction to OAuth 2.0","2017-09-20 17:30:11"
"http://docs.apigee.com/node/17761","OAuthV2 policy","2017-11-08 18:54:26"
"http://docs.apigee.com/node/17796","Implementing the authorization code grant type","2017-09-20 17:31:31"
"http://docs.apigee.com/node/17806","Advanced OAuth 2.0 topics","2017-08-23 11:50:07"
"http://docs.apigee.com/node/17871","Registering client apps","2017-09-20 17:20:55"
"http://docs.apigee.com/node/17881","Requesting access tokens and authorization codes","2017-11-02 15:04:59"
"http://docs.apigee.com/node/17886","Customizing Tokens and Authorization Codes","2017-11-17 15:44:26"
"http://docs.apigee.com/node/17896","Comparing Quota, Spike Arrest, and Concurrent Rate Limit Policies","2017-10-25 13:49:35"
"http://docs.apigee.com/node/18011","Implementing the password grant type","2017-09-20 17:32:41"
"http://docs.apigee.com/node/18016","What does an analytics entity value \"(not set)\" mean?","2017-08-28 17:30:35"
"http://docs.apigee.com/node/18091","Configuring TLS from Edge to the backend (Cloud and Private Cloud)","2017-11-20 14:50:23"
"http://docs.apigee.com/node/18156","Using Third-Party OAuth Tokens","2017-09-06 14:03:22"
"http://docs.apigee.com/node/18281","Cache internals","2017-11-24 08:21:36"
"http://docs.apigee.com/node/18321","Managing organization users","2017-11-03 07:14:46"
"http://docs.apigee.com/node/18326","Creating custom roles in the UI","2017-10-09 09:12:42"
"http://docs.apigee.com/node/18361","Assigning roles","2017-10-17 07:16:12"
"http://docs.apigee.com/node/18366","Creating roles with the API","2017-11-03 08:35:15"
"http://docs.apigee.com/node/18596","Adding caching and persistence","2017-08-24 13:36:08"
"http://docs.apigee.com/node/19041","Hashing tokens for extra security","2017-10-18 12:06:41"
"http://docs.apigee.com/node/19606","Subscribe to daily analytics emails","2017-11-08 18:44:01"
"http://docs.apigee.com/node/20111","Pattern matching in conditional statements","2017-11-27 10:44:10"
"http://docs.apigee.com/node/21026","Using OAuth2 security with the Apigee Edge management API","2017-11-02 16:23:36"
"http://docs.apigee.com/node/21341","OAuthV2 policy error codes","2017-10-23 17:45:18"
"http://docs.apigee.com/node/22691","Flow Callout policy","2017-11-27 10:17:17"
"http://docs.apigee.com/node/22746","Working with key value maps","2017-10-17 07:31:25"
"http://docs.apigee.com/node/23796","Apigee deprecations and retirements","2017-10-30 17:49:42"
"http://docs.apigee.com/node/23811","Edge price plan note","2017-11-14 06:18:37"
"http://docs.apigee.com/node/23856","Using SAML authentication","2017-09-13 09:25:36"
"http://docs.apigee.com/node/24271","Securing a proxy","2017-11-13 15:33:42"
"http://docs.apigee.com/node/24466","Apigee Edge Reference","2017-11-03 11:47:41"
"http://docs.apigee.com/node/24496","Controlling how a proxy executes with flows","2017-09-24 14:46:38"
"http://docs.apigee.com/node/25186","What's new in the docs","2017-11-20 09:41:06"
"http://docs.apigee.com/node/25191","Working with Acquia","2017-10-11 10:33:11"
"http://docs.apigee.com/node/25291","Installing Edge Microgateway","2017-09-28 10:45:27"
"http://docs.apigee.com/node/25296","Setting up and configuring Edge Microgateway","2017-11-14 06:18:00"
"http://docs.apigee.com/node/25301","Operation and configuration reference for Edge Microgateway","2017-09-28 10:52:01"
"http://docs.apigee.com/node/25306","CLI reference for Edge Microgateway","2017-09-28 10:52:31"
"http://docs.apigee.com/node/25311","Use plugins","2017-09-28 10:56:59"
"http://docs.apigee.com/node/25316","Develop custom plugins","2017-09-28 11:00:33"
"http://docs.apigee.com/node/25361","How to use properties in a Java callout","2017-09-28 10:05:30"
"http://docs.apigee.com/node/25406","Overview of Edge Microgateway","2017-09-28 11:04:52"
"http://docs.apigee.com/node/25441","How to handle Java Callout errors","2017-09-28 11:05:57"
"http://docs.apigee.com/node/25456","Command-line tools for Apigee Edge","2017-09-28 11:10:27"
"http://docs.apigee.com/node/25466","Attaching and configuring policies in XML files","2017-09-28 11:11:19"
"http://docs.apigee.com/node/25471","Attaching a policy to a ProxyEndpoint or TargetEndpoint Flow","2017-09-28 11:12:20"
"http://docs.apigee.com/node/25481","Key points of API proxy development","2017-09-28 11:13:08"
"http://docs.apigee.com/node/25491","HIPAA Configuration Guide for Edge Public Cloud","2017-11-08 15:43:22"
"http://docs.apigee.com/node/25496","PCI Configuration Guide for Edge Public Cloud","2017-11-08 15:44:00"
"http://docs.apigee.com/node/25521","Edge Microgateway videos","2017-09-28 11:14:56"
"http://docs.apigee.com/node/33601","Incorporating procedural code","2017-09-28 11:15:34"
